us/Roll_of_Lloyds_1771_1930/Roll_of_Lloyds_1771_1930_0001,3286,5086
us/Roll_of_Lloyds_1771_1930/Roll_of_Lloyds_1771_1930_0002,3221,5100
us/Roll_of_Lloyds_1771_1930/Roll_of_Lloyds_1771_1930_0003,3175,5093
us/Roll_of_Lloyds_1771_1930/Roll_of_Lloyds_1771_1930_0004,3060,5027
us/Roll_of_Lloyds_1771_1930/Roll_of_Lloyds_1771_1930_0005,3076,4989
us/Roll_of_Lloyds_1771_1930/Roll_of_Lloyds_1771_1930_0006,2955,4982
us/Roll_of_Lloyds_1771_1930/Roll_of_Lloyds_1771_1930_0007,2976,4999
us/Roll_of_Lloyds_1771_1930/Roll_of_Lloyds_1771_1930_0008,2880,5022
us/Roll_of_Lloyds_1771_1930/Roll_of_Lloyds_1771_1930_0009,2348,4930
us/Roll_of_Lloyds_1771_1930/Roll_of_Lloyds_1771_1930_0010,2366,4921
us/Roll_of_Lloyds_1771_1930/Roll_of_Lloyds_1771_1930_0011,2902,4930
us/Roll_of_Lloyds_1771_1930/Roll_of_Lloyds_1771_1930_0012,2938,5034
us/Roll_of_Lloyds_1771_1930/Roll_of_Lloyds_1771_1930_0013,2980,4958
us/Roll_of_Lloyds_1771_1930/Roll_of_Lloyds_1771_1930_0014,2893,4986
us/Roll_of_Lloyds_1771_1930/Roll_of_Lloyds_1771_1930_0015,2969,4970
us/Roll_of_Lloyds_1771_1930/Roll_of_Lloyds_1771_1930_0016,2937,4985
us/Roll_of_Lloyds_1771_1930/Roll_of_Lloyds_1771_1930_0017,3018,4972
us/Roll_of_Lloyds_1771_1930/Roll_of_Lloyds_1771_1930_0018,2908,4973
us/Roll_of_Lloyds_1771_1930/Roll_of_Lloyds_1771_1930_0019,3009,4960
us/Roll_of_Lloyds_1771_1930/Roll_of_Lloyds_1771_1930_0020,2934,4958
us/Roll_of_Lloyds_1771_1930/Roll_of_Lloyds_1771_1930_0021,3003,4968
us/Roll_of_Lloyds_1771_1930/Roll_of_Lloyds_1771_1930_0022,2949,4989
us/Roll_of_Lloyds_1771_1930/Roll_of_Lloyds_1771_1930_0023,3034,4990
us/Roll_of_Lloyds_1771_1930/Roll_of_Lloyds_1771_1930_0024,3033,5033
us/Roll_of_Lloyds_1771_1930/Roll_of_Lloyds_1771_1930_0025,3029,4954
us/Roll_of_Lloyds_1771_1930/Roll_of_Lloyds_1771_1930_0026,2977,4951
us/Roll_of_Lloyds_1771_1930/Roll_of_Lloyds_1771_1930_0027,3035,4970
us/Roll_of_Lloyds_1771_1930/Roll_of_Lloyds_1771_1930_0028,2996,4952
us/Roll_of_Lloyds_1771_1930/Roll_of_Lloyds_1771_1930_0029,3031,4962
us/Roll_of_Lloyds_1771_1930/Roll_of_Lloyds_1771_1930_0030,2995,4965
us/Roll_of_Lloyds_1771_1930/Roll_of_Lloyds_1771_1930_0031,3015,4975
us/Roll_of_Lloyds_1771_1930/Roll_of_Lloyds_1771_1930_0032,2988,4940
us/Roll_of_Lloyds_1771_1930/Roll_of_Lloyds_1771_1930_0033,3027,4958
us/Roll_of_Lloyds_1771_1930/Roll_of_Lloyds_1771_1930_0034,3009,4951
us/Roll_of_Lloyds_1771_1930/Roll_of_Lloyds_1771_1930_0035,3007,4991
us/Roll_of_Lloyds_1771_1930/Roll_of_Lloyds_1771_1930_0036,2966,4964
us/Roll_of_Lloyds_1771_1930/Roll_of_Lloyds_1771_1930_0037,3006,4971
us/Roll_of_Lloyds_1771_1930/Roll_of_Lloyds_1771_1930_0038,2971,4979
us/Roll_of_Lloyds_1771_1930/Roll_of_Lloyds_1771_1930_0039,3003,4974
us/Roll_of_Lloyds_1771_1930/Roll_of_Lloyds_1771_1930_0040,3016,4963
us/Roll_of_Lloyds_1771_1930/Roll_of_Lloyds_1771_1930_0041,3003,4972
us/Roll_of_Lloyds_1771_1930/Roll_of_Lloyds_1771_1930_0042,2997,4953
us/Roll_of_Lloyds_1771_1930/Roll_of_Lloyds_1771_1930_0043,3011,4958
us/Roll_of_Lloyds_1771_1930/Roll_of_Lloyds_1771_1930_0044,3016,4950
us/Roll_of_Lloyds_1771_1930/Roll_of_Lloyds_1771_1930_0045,2998,4953
us/Roll_of_Lloyds_1771_1930/Roll_of_Lloyds_1771_1930_0046,2905,4938
us/Roll_of_Lloyds_1771_1930/Roll_of_Lloyds_1771_1930_0047,3005,4976
us/Roll_of_Lloyds_1771_1930/Roll_of_Lloyds_1771_1930_0048,2927,4929
us/Roll_of_Lloyds_1771_1930/Roll_of_Lloyds_1771_1930_0049,3026,4944
us/Roll_of_Lloyds_1771_1930/Roll_of_Lloyds_1771_1930_0050,2912,4923
us/Roll_of_Lloyds_1771_1930/Roll_of_Lloyds_1771_1930_0051,3010,4939
us/Roll_of_Lloyds_1771_1930/Roll_of_Lloyds_1771_1930_0052,2925,4937
us/Roll_of_Lloyds_1771_1930/Roll_of_Lloyds_1771_1930_0053,2999,4944
us/Roll_of_Lloyds_1771_1930/Roll_of_Lloyds_1771_1930_0054,2921,4921
us/Roll_of_Lloyds_1771_1930/Roll_of_Lloyds_1771_1930_0055,2977,4937
us/Roll_of_Lloyds_1771_1930/Roll_of_Lloyds_1771_1930_0056,2923,4932
us/Roll_of_Lloyds_1771_1930/Roll_of_Lloyds_1771_1930_0057,3012,4948
us/Roll_of_Lloyds_1771_1930/Roll_of_Lloyds_1771_1930_0058,2903,4932
us/Roll_of_Lloyds_1771_1930/Roll_of_Lloyds_1771_1930_0059,2991,4951
us/Roll_of_Lloyds_1771_1930/Roll_of_Lloyds_1771_1930_0060,2893,4929
us/Roll_of_Lloyds_1771_1930/Roll_of_Lloyds_1771_1930_0061,3012,4953
us/Roll_of_Lloyds_1771_1930/Roll_of_Lloyds_1771_1930_0062,2896,4943
us/Roll_of_Lloyds_1771_1930/Roll_of_Lloyds_1771_1930_0063,2994,4945
us/Roll_of_Lloyds_1771_1930/Roll_of_Lloyds_1771_1930_0064,2883,4942
us/Roll_of_Lloyds_1771_1930/Roll_of_Lloyds_1771_1930_0065,2998,4949
us/Roll_of_Lloyds_1771_1930/Roll_of_Lloyds_1771_1930_0066,2909,4938
us/Roll_of_Lloyds_1771_1930/Roll_of_Lloyds_1771_1930_0067,3001,4928
us/Roll_of_Lloyds_1771_1930/Roll_of_Lloyds_1771_1930_0068,2887,4957
us/Roll_of_Lloyds_1771_1930/Roll_of_Lloyds_1771_1930_0069,2995,4998
us/Roll_of_Lloyds_1771_1930/Roll_of_Lloyds_1771_1930_0070,2941,4976
us/Roll_of_Lloyds_1771_1930/Roll_of_Lloyds_1771_1930_0071,2975,4921
us/Roll_of_Lloyds_1771_1930/Roll_of_Lloyds_1771_1930_0072,2937,4965
us/Roll_of_Lloyds_1771_1930/Roll_of_Lloyds_1771_1930_0073,3039,4918
us/Roll_of_Lloyds_1771_1930/Roll_of_Lloyds_1771_1930_0074,2925,4942
us/Roll_of_Lloyds_1771_1930/Roll_of_Lloyds_1771_1930_0075,3045,4935
us/Roll_of_Lloyds_1771_1930/Roll_of_Lloyds_1771_1930_0076,2946,4939
us/Roll_of_Lloyds_1771_1930/Roll_of_Lloyds_1771_1930_0077,3046,4929
us/Roll_of_Lloyds_1771_1930/Roll_of_Lloyds_1771_1930_0078,2944,4943
us/Roll_of_Lloyds_1771_1930/Roll_of_Lloyds_1771_1930_0079,3044,4934
us/Roll_of_Lloyds_1771_1930/Roll_of_Lloyds_1771_1930_0080,2949,4950
us/Roll_of_Lloyds_1771_1930/Roll_of_Lloyds_1771_1930_0081,3039,4939
us/Roll_of_Lloyds_1771_1930/Roll_of_Lloyds_1771_1930_0082,2962,4959
us/Roll_of_Lloyds_1771_1930/Roll_of_Lloyds_1771_1930_0083,3037,4930
us/Roll_of_Lloyds_1771_1930/Roll_of_Lloyds_1771_1930_0084,2954,4965
us/Roll_of_Lloyds_1771_1930/Roll_of_Lloyds_1771_1930_0085,3042,4942
us/Roll_of_Lloyds_1771_1930/Roll_of_Lloyds_1771_1930_0086,2962,4973
us/Roll_of_Lloyds_1771_1930/Roll_of_Lloyds_1771_1930_0087,3022,4935
us/Roll_of_Lloyds_1771_1930/Roll_of_Lloyds_1771_1930_0088,2971,4971
us/Roll_of_Lloyds_1771_1930/Roll_of_Lloyds_1771_1930_0089,3030,4929
us/Roll_of_Lloyds_1771_1930/Roll_of_Lloyds_1771_1930_0090,2976,4974
us/Roll_of_Lloyds_1771_1930/Roll_of_Lloyds_1771_1930_0091,3030,4939
us/Roll_of_Lloyds_1771_1930/Roll_of_Lloyds_1771_1930_0092,2883,4933
us/Roll_of_Lloyds_1771_1930/Roll_of_Lloyds_1771_1930_0093,3000,4955
us/Roll_of_Lloyds_1771_1930/Roll_of_Lloyds_1771_1930_0094,2895,4924
us/Roll_of_Lloyds_1771_1930/Roll_of_Lloyds_1771_1930_0095,3007,4929
us/Roll_of_Lloyds_1771_1930/Roll_of_Lloyds_1771_1930_0096,2895,4963
us/Roll_of_Lloyds_1771_1930/Roll_of_Lloyds_1771_1930_0097,2994,4945
us/Roll_of_Lloyds_1771_1930/Roll_of_Lloyds_1771_1930_0098,2907,4910
us/Roll_of_Lloyds_1771_1930/Roll_of_Lloyds_1771_1930_0099,3015,4934
us/Roll_of_Lloyds_1771_1930/Roll_of_Lloyds_1771_1930_0100,2910,4930
us/Roll_of_Lloyds_1771_1930/Roll_of_Lloyds_1771_1930_0101,3011,4925
us/Roll_of_Lloyds_1771_1930/Roll_of_Lloyds_1771_1930_0102,2914,4917
us/Roll_of_Lloyds_1771_1930/Roll_of_Lloyds_1771_1930_0103,2998,4926
us/Roll_of_Lloyds_1771_1930/Roll_of_Lloyds_1771_1930_0104,2923,4931
us/Roll_of_Lloyds_1771_1930/Roll_of_Lloyds_1771_1930_0105,2995,4919
us/Roll_of_Lloyds_1771_1930/Roll_of_Lloyds_1771_1930_0106,2927,4923
us/Roll_of_Lloyds_1771_1930/Roll_of_Lloyds_1771_1930_0107,2994,4921
us/Roll_of_Lloyds_1771_1930/Roll_of_Lloyds_1771_1930_0108,2942,4938
us/Roll_of_Lloyds_1771_1930/Roll_of_Lloyds_1771_1930_0109,3000,4922
us/Roll_of_Lloyds_1771_1930/Roll_of_Lloyds_1771_1930_0110,2924,4938
us/Roll_of_Lloyds_1771_1930/Roll_of_Lloyds_1771_1930_0111,2990,4935
us/Roll_of_Lloyds_1771_1930/Roll_of_Lloyds_1771_1930_0112,2931,4949
us/Roll_of_Lloyds_1771_1930/Roll_of_Lloyds_1771_1930_0113,2982,4942
us/Roll_of_Lloyds_1771_1930/Roll_of_Lloyds_1771_1930_0114,2928,4910
us/Roll_of_Lloyds_1771_1930/Roll_of_Lloyds_1771_1930_0115,2969,4923
us/Roll_of_Lloyds_1771_1930/Roll_of_Lloyds_1771_1930_0116,2963,4926
us/Roll_of_Lloyds_1771_1930/Roll_of_Lloyds_1771_1930_0117,2986,4915
us/Roll_of_Lloyds_1771_1930/Roll_of_Lloyds_1771_1930_0118,2942,4928
us/Roll_of_Lloyds_1771_1930/Roll_of_Lloyds_1771_1930_0119,2967,4919
us/Roll_of_Lloyds_1771_1930/Roll_of_Lloyds_1771_1930_0120,2957,4949
us/Roll_of_Lloyds_1771_1930/Roll_of_Lloyds_1771_1930_0121,2971,4921
us/Roll_of_Lloyds_1771_1930/Roll_of_Lloyds_1771_1930_0122,2961,4950
us/Roll_of_Lloyds_1771_1930/Roll_of_Lloyds_1771_1930_0123,2955,4923
us/Roll_of_Lloyds_1771_1930/Roll_of_Lloyds_1771_1930_0124,2958,4947
us/Roll_of_Lloyds_1771_1930/Roll_of_Lloyds_1771_1930_0125,2953,4925
us/Roll_of_Lloyds_1771_1930/Roll_of_Lloyds_1771_1930_0126,2953,4919
us/Roll_of_Lloyds_1771_1930/Roll_of_Lloyds_1771_1930_0127,2973,4918
us/Roll_of_Lloyds_1771_1930/Roll_of_Lloyds_1771_1930_0128,2975,4910
us/Roll_of_Lloyds_1771_1930/Roll_of_Lloyds_1771_1930_0129,2967,4926
us/Roll_of_Lloyds_1771_1930/Roll_of_Lloyds_1771_1930_0130,2979,4932
us/Roll_of_Lloyds_1771_1930/Roll_of_Lloyds_1771_1930_0131,2952,4919
us/Roll_of_Lloyds_1771_1930/Roll_of_Lloyds_1771_1930_0132,2909,4949
us/Roll_of_Lloyds_1771_1930/Roll_of_Lloyds_1771_1930_0133,2937,4927
us/Roll_of_Lloyds_1771_1930/Roll_of_Lloyds_1771_1930_0134,2917,4940
us/Roll_of_Lloyds_1771_1930/Roll_of_Lloyds_1771_1930_0135,2933,4932
us/Roll_of_Lloyds_1771_1930/Roll_of_Lloyds_1771_1930_0136,2932,4929
us/Roll_of_Lloyds_1771_1930/Roll_of_Lloyds_1771_1930_0137,3012,4916
us/Roll_of_Lloyds_1771_1930/Roll_of_Lloyds_1771_1930_0138,2913,4948
us/Roll_of_Lloyds_1771_1930/Roll_of_Lloyds_1771_1930_0139,2973,4929
us/Roll_of_Lloyds_1771_1930/Roll_of_Lloyds_1771_1930_0140,2934,4939
us/Roll_of_Lloyds_1771_1930/Roll_of_Lloyds_1771_1930_0141,2996,4917
us/Roll_of_Lloyds_1771_1930/Roll_of_Lloyds_1771_1930_0142,2947,4936
us/Roll_of_Lloyds_1771_1930/Roll_of_Lloyds_1771_1930_0143,2995,4915
us/Roll_of_Lloyds_1771_1930/Roll_of_Lloyds_1771_1930_0144,2937,4946
us/Roll_of_Lloyds_1771_1930/Roll_of_Lloyds_1771_1930_0145,2999,4901
us/Roll_of_Lloyds_1771_1930/Roll_of_Lloyds_1771_1930_0146,2958,4953
us/Roll_of_Lloyds_1771_1930/Roll_of_Lloyds_1771_1930_0147,2998,4928
us/Roll_of_Lloyds_1771_1930/Roll_of_Lloyds_1771_1930_0148,2946,4959
us/Roll_of_Lloyds_1771_1930/Roll_of_Lloyds_1771_1930_0149,3015,4916
us/Roll_of_Lloyds_1771_1930/Roll_of_Lloyds_1771_1930_0150,2892,4933
us/Roll_of_Lloyds_1771_1930/Roll_of_Lloyds_1771_1930_0151,2968,4947
us/Roll_of_Lloyds_1771_1930/Roll_of_Lloyds_1771_1930_0152,2927,4930
us/Roll_of_Lloyds_1771_1930/Roll_of_Lloyds_1771_1930_0153,2999,4936
us/Roll_of_Lloyds_1771_1930/Roll_of_Lloyds_1771_1930_0154,2930,4934
us/Roll_of_Lloyds_1771_1930/Roll_of_Lloyds_1771_1930_0155,3009,4921
us/Roll_of_Lloyds_1771_1930/Roll_of_Lloyds_1771_1930_0156,2930,4952
us/Roll_of_Lloyds_1771_1930/Roll_of_Lloyds_1771_1930_0157,2984,4945
us/Roll_of_Lloyds_1771_1930/Roll_of_Lloyds_1771_1930_0158,2941,4939
us/Roll_of_Lloyds_1771_1930/Roll_of_Lloyds_1771_1930_0159,2994,4950
us/Roll_of_Lloyds_1771_1930/Roll_of_Lloyds_1771_1930_0160,2957,4938
us/Roll_of_Lloyds_1771_1930/Roll_of_Lloyds_1771_1930_0161,2967,4948
us/Roll_of_Lloyds_1771_1930/Roll_of_Lloyds_1771_1930_0162,2931,4937
us/Roll_of_Lloyds_1771_1930/Roll_of_Lloyds_1771_1930_0163,2963,4944
us/Roll_of_Lloyds_1771_1930/Roll_of_Lloyds_1771_1930_0164,2927,4936
us/Roll_of_Lloyds_1771_1930/Roll_of_Lloyds_1771_1930_0165,2961,4941
us/Roll_of_Lloyds_1771_1930/Roll_of_Lloyds_1771_1930_0166,2950,4937
us/Roll_of_Lloyds_1771_1930/Roll_of_Lloyds_1771_1930_0167,2966,4938
us/Roll_of_Lloyds_1771_1930/Roll_of_Lloyds_1771_1930_0168,2963,4954
us/Roll_of_Lloyds_1771_1930/Roll_of_Lloyds_1771_1930_0169,2953,4920
us/Roll_of_Lloyds_1771_1930/Roll_of_Lloyds_1771_1930_0170,2967,4946
us/Roll_of_Lloyds_1771_1930/Roll_of_Lloyds_1771_1930_0171,2930,4944
us/Roll_of_Lloyds_1771_1930/Roll_of_Lloyds_1771_1930_0172,2950,4941
us/Roll_of_Lloyds_1771_1930/Roll_of_Lloyds_1771_1930_0173,2935,4935
us/Roll_of_Lloyds_1771_1930/Roll_of_Lloyds_1771_1930_0174,2997,4971
us/Roll_of_Lloyds_1771_1930/Roll_of_Lloyds_1771_1930_0175,2946,4948
us/Roll_of_Lloyds_1771_1930/Roll_of_Lloyds_1771_1930_0176,2961,4938
us/Roll_of_Lloyds_1771_1930/Roll_of_Lloyds_1771_1930_0177,2960,4920
us/Roll_of_Lloyds_1771_1930/Roll_of_Lloyds_1771_1930_0178,2962,4942
us/Roll_of_Lloyds_1771_1930/Roll_of_Lloyds_1771_1930_0179,2922,4919
us/Roll_of_Lloyds_1771_1930/Roll_of_Lloyds_1771_1930_0180,2895,4932
us/Roll_of_Lloyds_1771_1930/Roll_of_Lloyds_1771_1930_0181,3012,4911
us/Roll_of_Lloyds_1771_1930/Roll_of_Lloyds_1771_1930_0182,2920,4937
us/Roll_of_Lloyds_1771_1930/Roll_of_Lloyds_1771_1930_0183,2980,4929
us/Roll_of_Lloyds_1771_1930/Roll_of_Lloyds_1771_1930_0184,2910,4926
us/Roll_of_Lloyds_1771_1930/Roll_of_Lloyds_1771_1930_0185,2980,4934
us/Roll_of_Lloyds_1771_1930/Roll_of_Lloyds_1771_1930_0186,2919,4938
us/Roll_of_Lloyds_1771_1930/Roll_of_Lloyds_1771_1930_0187,2953,4946
us/Roll_of_Lloyds_1771_1930/Roll_of_Lloyds_1771_1930_0188,2923,4936
us/Roll_of_Lloyds_1771_1930/Roll_of_Lloyds_1771_1930_0189,2972,4940
us/Roll_of_Lloyds_1771_1930/Roll_of_Lloyds_1771_1930_0190,2935,4941
us/Roll_of_Lloyds_1771_1930/Roll_of_Lloyds_1771_1930_0191,2951,4937
us/Roll_of_Lloyds_1771_1930/Roll_of_Lloyds_1771_1930_0192,2982,4922
us/Roll_of_Lloyds_1771_1930/Roll_of_Lloyds_1771_1930_0193,2978,4929
us/Roll_of_Lloyds_1771_1930/Roll_of_Lloyds_1771_1930_0194,2967,4930
us/Roll_of_Lloyds_1771_1930/Roll_of_Lloyds_1771_1930_0195,2967,4938
us/Roll_of_Lloyds_1771_1930/Roll_of_Lloyds_1771_1930_0196,2981,4935
us/Roll_of_Lloyds_1771_1930/Roll_of_Lloyds_1771_1930_0197,2942,4927
us/Roll_of_Lloyds_1771_1930/Roll_of_Lloyds_1771_1930_0198,2962,4952
us/Roll_of_Lloyds_1771_1930/Roll_of_Lloyds_1771_1930_0199,2881,4933
us/Roll_of_Lloyds_1771_1930/Roll_of_Lloyds_1771_1930_0200,2980,4929
us/Roll_of_Lloyds_1771_1930/Roll_of_Lloyds_1771_1930_0201,2941,4918
us/Roll_of_Lloyds_1771_1930/Roll_of_Lloyds_1771_1930_0202,2964,4940
us/Roll_of_Lloyds_1771_1930/Roll_of_Lloyds_1771_1930_0203,2942,4936
us/Roll_of_Lloyds_1771_1930/Roll_of_Lloyds_1771_1930_0204,2976,4924
us/Roll_of_Lloyds_1771_1930/Roll_of_Lloyds_1771_1930_0205,2921,4921
us/Roll_of_Lloyds_1771_1930/Roll_of_Lloyds_1771_1930_0206,2965,4930
us/Roll_of_Lloyds_1771_1930/Roll_of_Lloyds_1771_1930_0207,2927,4919
us/Roll_of_Lloyds_1771_1930/Roll_of_Lloyds_1771_1930_0208,2994,4929
us/Roll_of_Lloyds_1771_1930/Roll_of_Lloyds_1771_1930_0209,2957,4915
us/Roll_of_Lloyds_1771_1930/Roll_of_Lloyds_1771_1930_0210,2986,4934
us/Roll_of_Lloyds_1771_1930/Roll_of_Lloyds_1771_1930_0211,2932,4923
us/Roll_of_Lloyds_1771_1930/Roll_of_Lloyds_1771_1930_0212,3008,4930
us/Roll_of_Lloyds_1771_1930/Roll_of_Lloyds_1771_1930_0213,3029,4922
us/Roll_of_Lloyds_1771_1930/Roll_of_Lloyds_1771_1930_0214,3028,4929
us/Roll_of_Lloyds_1771_1930/Roll_of_Lloyds_1771_1930_0215,3029,4925
us/Roll_of_Lloyds_1771_1930/Roll_of_Lloyds_1771_1930_0216,3012,4939
us/Roll_of_Lloyds_1771_1930/Roll_of_Lloyds_1771_1930_0217,3021,4920
us/Roll_of_Lloyds_1771_1930/Roll_of_Lloyds_1771_1930_0218,3023,4928
us/Roll_of_Lloyds_1771_1930/Roll_of_Lloyds_1771_1930_0219,3018,4915
us/Roll_of_Lloyds_1771_1930/Roll_of_Lloyds_1771_1930_0220,3021,4936
us/Roll_of_Lloyds_1771_1930/Roll_of_Lloyds_1771_1930_0221,3039,4910
us/Roll_of_Lloyds_1771_1930/Roll_of_Lloyds_1771_1930_0222,3033,4933
us/Roll_of_Lloyds_1771_1930/Roll_of_Lloyds_1771_1930_0223,3015,4921
us/Roll_of_Lloyds_1771_1930/Roll_of_Lloyds_1771_1930_0224,2933,4926
us/Roll_of_Lloyds_1771_1930/Roll_of_Lloyds_1771_1930_0225,3002,4934
us/Roll_of_Lloyds_1771_1930/Roll_of_Lloyds_1771_1930_0226,2910,4945
us/Roll_of_Lloyds_1771_1930/Roll_of_Lloyds_1771_1930_0227,2999,4931
us/Roll_of_Lloyds_1771_1930/Roll_of_Lloyds_1771_1930_0228,2974,4932
us/Roll_of_Lloyds_1771_1930/Roll_of_Lloyds_1771_1930_0229,3021,4915
us/Roll_of_Lloyds_1771_1930/Roll_of_Lloyds_1771_1930_0230,2953,4935
us/Roll_of_Lloyds_1771_1930/Roll_of_Lloyds_1771_1930_0231,2998,4918
us/Roll_of_Lloyds_1771_1930/Roll_of_Lloyds_1771_1930_0232,2943,4940
us/Roll_of_Lloyds_1771_1930/Roll_of_Lloyds_1771_1930_0233,3014,4921
us/Roll_of_Lloyds_1771_1930/Roll_of_Lloyds_1771_1930_0234,2942,4936
us/Roll_of_Lloyds_1771_1930/Roll_of_Lloyds_1771_1930_0235,3001,4926
us/Roll_of_Lloyds_1771_1930/Roll_of_Lloyds_1771_1930_0236,2958,4947
us/Roll_of_Lloyds_1771_1930/Roll_of_Lloyds_1771_1930_0237,3041,4904
us/Roll_of_Lloyds_1771_1930/Roll_of_Lloyds_1771_1930_0238,2947,4940
us/Roll_of_Lloyds_1771_1930/Roll_of_Lloyds_1771_1930_0239,2999,4924
us/Roll_of_Lloyds_1771_1930/Roll_of_Lloyds_1771_1930_0240,2972,4947
us/Roll_of_Lloyds_1771_1930/Roll_of_Lloyds_1771_1930_0241,2978,4911
us/Roll_of_Lloyds_1771_1930/Roll_of_Lloyds_1771_1930_0242,2962,4941
us/Roll_of_Lloyds_1771_1930/Roll_of_Lloyds_1771_1930_0243,2996,4916
us/Roll_of_Lloyds_1771_1930/Roll_of_Lloyds_1771_1930_0244,2962,4932
us/Roll_of_Lloyds_1771_1930/Roll_of_Lloyds_1771_1930_0245,2968,4913
us/Roll_of_Lloyds_1771_1930/Roll_of_Lloyds_1771_1930_0246,2987,4911
us/Roll_of_Lloyds_1771_1930/Roll_of_Lloyds_1771_1930_0247,2959,4915
us/Roll_of_Lloyds_1771_1930/Roll_of_Lloyds_1771_1930_0248,2958,4915
us/Roll_of_Lloyds_1771_1930/Roll_of_Lloyds_1771_1930_0249,2955,4907
us/Roll_of_Lloyds_1771_1930/Roll_of_Lloyds_1771_1930_0250,2955,4912
us/Roll_of_Lloyds_1771_1930/Roll_of_Lloyds_1771_1930_0251,2940,4910
us/Roll_of_Lloyds_1771_1930/Roll_of_Lloyds_1771_1930_0252,2968,4925
us/Roll_of_Lloyds_1771_1930/Roll_of_Lloyds_1771_1930_0253,2952,4911
us/Roll_of_Lloyds_1771_1930/Roll_of_Lloyds_1771_1930_0254,2978,4920
us/Roll_of_Lloyds_1771_1930/Roll_of_Lloyds_1771_1930_0255,3015,4915
us/Roll_of_Lloyds_1771_1930/Roll_of_Lloyds_1771_1930_0256,2998,4923
us/Roll_of_Lloyds_1771_1930/Roll_of_Lloyds_1771_1930_0257,2954,4910
us/Roll_of_Lloyds_1771_1930/Roll_of_Lloyds_1771_1930_0258,2988,4912
us/Roll_of_Lloyds_1771_1930/Roll_of_Lloyds_1771_1930_0259,2949,4908
us/Roll_of_Lloyds_1771_1930/Roll_of_Lloyds_1771_1930_0260,2997,4925
us/Roll_of_Lloyds_1771_1930/Roll_of_Lloyds_1771_1930_0261,2955,4909
us/Roll_of_Lloyds_1771_1930/Roll_of_Lloyds_1771_1930_0262,3002,4931
us/Roll_of_Lloyds_1771_1930/Roll_of_Lloyds_1771_1930_0263,2935,4914
us/Roll_of_Lloyds_1771_1930/Roll_of_Lloyds_1771_1930_0264,2994,4908
us/Roll_of_Lloyds_1771_1930/Roll_of_Lloyds_1771_1930_0265,2955,4905
us/Roll_of_Lloyds_1771_1930/Roll_of_Lloyds_1771_1930_0266,2988,4914
us/Roll_of_Lloyds_1771_1930/Roll_of_Lloyds_1771_1930_0267,2928,4904
us/Roll_of_Lloyds_1771_1930/Roll_of_Lloyds_1771_1930_0268,3010,4922
us/Roll_of_Lloyds_1771_1930/Roll_of_Lloyds_1771_1930_0269,2949,4906
us/Roll_of_Lloyds_1771_1930/Roll_of_Lloyds_1771_1930_0270,3044,4928
us/Roll_of_Lloyds_1771_1930/Roll_of_Lloyds_1771_1930_0271,2973,4903
us/Roll_of_Lloyds_1771_1930/Roll_of_Lloyds_1771_1930_0272,2994,4916
us/Roll_of_Lloyds_1771_1930/Roll_of_Lloyds_1771_1930_0273,2926,4912
us/Roll_of_Lloyds_1771_1930/Roll_of_Lloyds_1771_1930_0274,2989,4933
us/Roll_of_Lloyds_1771_1930/Roll_of_Lloyds_1771_1930_0275,2892,4926
us/Roll_of_Lloyds_1771_1930/Roll_of_Lloyds_1771_1930_0276,2931,4914
us/Roll_of_Lloyds_1771_1930/Roll_of_Lloyds_1771_1930_0277,2918,4906
us/Roll_of_Lloyds_1771_1930/Roll_of_Lloyds_1771_1930_0278,2936,4913
us/Roll_of_Lloyds_1771_1930/Roll_of_Lloyds_1771_1930_0279,2907,4902
us/Roll_of_Lloyds_1771_1930/Roll_of_Lloyds_1771_1930_0280,2932,4913
us/Roll_of_Lloyds_1771_1930/Roll_of_Lloyds_1771_1930_0281,2903,4901
us/Roll_of_Lloyds_1771_1930/Roll_of_Lloyds_1771_1930_0282,2925,4933
us/Roll_of_Lloyds_1771_1930/Roll_of_Lloyds_1771_1930_0283,2885,4900
us/Roll_of_Lloyds_1771_1930/Roll_of_Lloyds_1771_1930_0284,2950,4904
us/Roll_of_Lloyds_1771_1930/Roll_of_Lloyds_1771_1930_0285,2906,4903
us/Roll_of_Lloyds_1771_1930/Roll_of_Lloyds_1771_1930_0286,2936,4919
us/Roll_of_Lloyds_1771_1930/Roll_of_Lloyds_1771_1930_0287,2914,4937
us/Roll_of_Lloyds_1771_1930/Roll_of_Lloyds_1771_1930_0288,2912,4935
us/Roll_of_Lloyds_1771_1930/Roll_of_Lloyds_1771_1930_0289,2878,4931
us/Roll_of_Lloyds_1771_1930/Roll_of_Lloyds_1771_1930_0290,2915,4930
us/Roll_of_Lloyds_1771_1930/Roll_of_Lloyds_1771_1930_0291,2906,4938
us/Roll_of_Lloyds_1771_1930/Roll_of_Lloyds_1771_1930_0292,2940,4927
us/Roll_of_Lloyds_1771_1930/Roll_of_Lloyds_1771_1930_0293,2931,4950
us/Roll_of_Lloyds_1771_1930/Roll_of_Lloyds_1771_1930_0294,2934,4915
us/Roll_of_Lloyds_1771_1930/Roll_of_Lloyds_1771_1930_0295,2991,4957
us/Roll_of_Lloyds_1771_1930/Roll_of_Lloyds_1771_1930_0296,2944,4920
us/Roll_of_Lloyds_1771_1930/Roll_of_Lloyds_1771_1930_0297,2983,4964
us/Roll_of_Lloyds_1771_1930/Roll_of_Lloyds_1771_1930_0298,2955,4910
us/Roll_of_Lloyds_1771_1930/Roll_of_Lloyds_1771_1930_0299,2968,4931
us/Roll_of_Lloyds_1771_1930/Roll_of_Lloyds_1771_1930_0300,2973,4912
us/Roll_of_Lloyds_1771_1930/Roll_of_Lloyds_1771_1930_0301,2976,4927
us/Roll_of_Lloyds_1771_1930/Roll_of_Lloyds_1771_1930_0302,2977,4922
us/Roll_of_Lloyds_1771_1930/Roll_of_Lloyds_1771_1930_0303,2979,4935
us/Roll_of_Lloyds_1771_1930/Roll_of_Lloyds_1771_1930_0304,2849,4867
us/Roll_of_Lloyds_1771_1930/Roll_of_Lloyds_1771_1930_0305,2963,4948
us/Roll_of_Lloyds_1771_1930/Roll_of_Lloyds_1771_1930_0306,2894,4920
us/Roll_of_Lloyds_1771_1930/Roll_of_Lloyds_1771_1930_0307,2979,4957
us/Roll_of_Lloyds_1771_1930/Roll_of_Lloyds_1771_1930_0308,2917,4913
us/Roll_of_Lloyds_1771_1930/Roll_of_Lloyds_1771_1930_0309,2970,4955
us/Roll_of_Lloyds_1771_1930/Roll_of_Lloyds_1771_1930_0310,2972,4920
us/Roll_of_Lloyds_1771_1930/Roll_of_Lloyds_1771_1930_0311,3004,4924
us/Roll_of_Lloyds_1771_1930/Roll_of_Lloyds_1771_1930_0312,2897,4905
us/Roll_of_Lloyds_1771_1930/Roll_of_Lloyds_1771_1930_0313,2958,4921
us/Roll_of_Lloyds_1771_1930/Roll_of_Lloyds_1771_1930_0314,2935,4922
us/Roll_of_Lloyds_1771_1930/Roll_of_Lloyds_1771_1930_0315,2963,4937
us/Roll_of_Lloyds_1771_1930/Roll_of_Lloyds_1771_1930_0316,2941,4923
us/Roll_of_Lloyds_1771_1930/Roll_of_Lloyds_1771_1930_0317,2927,4925
us/Roll_of_Lloyds_1771_1930/Roll_of_Lloyds_1771_1930_0318,2944,4913
us/Roll_of_Lloyds_1771_1930/Roll_of_Lloyds_1771_1930_0319,2966,4922
us/Roll_of_Lloyds_1771_1930/Roll_of_Lloyds_1771_1930_0320,2937,4927
us/Roll_of_Lloyds_1771_1930/Roll_of_Lloyds_1771_1930_0321,2944,4911
us/Roll_of_Lloyds_1771_1930/Roll_of_Lloyds_1771_1930_0322,2972,4936
us/Roll_of_Lloyds_1771_1930/Roll_of_Lloyds_1771_1930_0323,2944,4909
us/Roll_of_Lloyds_1771_1930/Roll_of_Lloyds_1771_1930_0324,2949,4909
us/Roll_of_Lloyds_1771_1930/Roll_of_Lloyds_1771_1930_0325,2949,4932
us/Roll_of_Lloyds_1771_1930/Roll_of_Lloyds_1771_1930_0326,2991,4922
us/Roll_of_Lloyds_1771_1930/Roll_of_Lloyds_1771_1930_0327,2988,4929
us/Roll_of_Lloyds_1771_1930/Roll_of_Lloyds_1771_1930_0328,2939,4909
us/Roll_of_Lloyds_1771_1930/Roll_of_Lloyds_1771_1930_0329,2944,4959
us/Roll_of_Lloyds_1771_1930/Roll_of_Lloyds_1771_1930_0330,2923,4912
us/Roll_of_Lloyds_1771_1930/Roll_of_Lloyds_1771_1930_0331,2909,4946
us/Roll_of_Lloyds_1771_1930/Roll_of_Lloyds_1771_1930_0332,2939,4907
us/Roll_of_Lloyds_1771_1930/Roll_of_Lloyds_1771_1930_0333,2915,4935
us/Roll_of_Lloyds_1771_1930/Roll_of_Lloyds_1771_1930_0334,2949,4916
us/Roll_of_Lloyds_1771_1930/Roll_of_Lloyds_1771_1930_0335,2911,4940
us/Roll_of_Lloyds_1771_1930/Roll_of_Lloyds_1771_1930_0336,2982,4919
us/Roll_of_Lloyds_1771_1930/Roll_of_Lloyds_1771_1930_0337,2983,4905
us/Roll_of_Lloyds_1771_1930/Roll_of_Lloyds_1771_1930_0338,2986,4898
us/Roll_of_Lloyds_1771_1930/Roll_of_Lloyds_1771_1930_0339,2928,4939
us/Roll_of_Lloyds_1771_1930/Roll_of_Lloyds_1771_1930_0340,2972,4902
us/Roll_of_Lloyds_1771_1930/Roll_of_Lloyds_1771_1930_0341,2933,4947
us/Roll_of_Lloyds_1771_1930/Roll_of_Lloyds_1771_1930_0342,2966,4916
us/Roll_of_Lloyds_1771_1930/Roll_of_Lloyds_1771_1930_0343,2990,4923
us/Roll_of_Lloyds_1771_1930/Roll_of_Lloyds_1771_1930_0344,2962,4913
us/Roll_of_Lloyds_1771_1930/Roll_of_Lloyds_1771_1930_0345,3004,4940
us/Roll_of_Lloyds_1771_1930/Roll_of_Lloyds_1771_1930_0346,2987,4915
us/Roll_of_Lloyds_1771_1930/Roll_of_Lloyds_1771_1930_0347,3006,4937
us/Roll_of_Lloyds_1771_1930/Roll_of_Lloyds_1771_1930_0348,2966,4926
us/Roll_of_Lloyds_1771_1930/Roll_of_Lloyds_1771_1930_0349,3000,4947
us/Roll_of_Lloyds_1771_1930/Roll_of_Lloyds_1771_1930_0350,2998,4910
us/Roll_of_Lloyds_1771_1930/Roll_of_Lloyds_1771_1930_0351,2998,4939
us/Roll_of_Lloyds_1771_1930/Roll_of_Lloyds_1771_1930_0352,2986,4906
us/Roll_of_Lloyds_1771_1930/Roll_of_Lloyds_1771_1930_0353,2984,4910
us/Roll_of_Lloyds_1771_1930/Roll_of_Lloyds_1771_1930_0354,2988,4910
us/Roll_of_Lloyds_1771_1930/Roll_of_Lloyds_1771_1930_0355,2987,4920
us/Roll_of_Lloyds_1771_1930/Roll_of_Lloyds_1771_1930_0356,3040,4939
us/Roll_of_Lloyds_1771_1930/Roll_of_Lloyds_1771_1930_0357,2965,4906
us/Roll_of_Lloyds_1771_1930/Roll_of_Lloyds_1771_1930_0358,2982,4957
us/Roll_of_Lloyds_1771_1930/Roll_of_Lloyds_1771_1930_0359,2938,4936
us/Roll_of_Lloyds_1771_1930/Roll_of_Lloyds_1771_1930_0360,3023,4923
us/Roll_of_Lloyds_1771_1930/Roll_of_Lloyds_1771_1930_0361,2945,4923
us/Roll_of_Lloyds_1771_1930/Roll_of_Lloyds_1771_1930_0362,2993,4908
us/Roll_of_Lloyds_1771_1930/Roll_of_Lloyds_1771_1930_0363,2961,4916
us/Roll_of_Lloyds_1771_1930/Roll_of_Lloyds_1771_1930_0364,2996,4920
us/Roll_of_Lloyds_1771_1930/Roll_of_Lloyds_1771_1930_0365,2974,4920
us/Roll_of_Lloyds_1771_1930/Roll_of_Lloyds_1771_1930_0366,3099,4966
us/Roll_of_Lloyds_1771_1930/Roll_of_Lloyds_1771_1930_0367,3016,4943
us/Roll_of_Lloyds_1771_1930/Roll_of_Lloyds_1771_1930_0368,3035,4938
us/Roll_of_Lloyds_1771_1930/Roll_of_Lloyds_1771_1930_0369,2988,4924
us/Roll_of_Lloyds_1771_1930/Roll_of_Lloyds_1771_1930_0370,3015,4910
us/Roll_of_Lloyds_1771_1930/Roll_of_Lloyds_1771_1930_0371,2975,4906
us/Roll_of_Lloyds_1771_1930/Roll_of_Lloyds_1771_1930_0372,3013,4914
us/Roll_of_Lloyds_1771_1930/Roll_of_Lloyds_1771_1930_0373,2984,4922
us/Roll_of_Lloyds_1771_1930/Roll_of_Lloyds_1771_1930_0374,3008,4915
us/Roll_of_Lloyds_1771_1930/Roll_of_Lloyds_1771_1930_0375,2983,4921
us/Roll_of_Lloyds_1771_1930/Roll_of_Lloyds_1771_1930_0376,3028,4921
us/Roll_of_Lloyds_1771_1930/Roll_of_Lloyds_1771_1930_0377,2987,4924
us/Roll_of_Lloyds_1771_1930/Roll_of_Lloyds_1771_1930_0378,3024,4916
us/Roll_of_Lloyds_1771_1930/Roll_of_Lloyds_1771_1930_0379,2984,4926
us/Roll_of_Lloyds_1771_1930/Roll_of_Lloyds_1771_1930_0380,3026,4917
us/Roll_of_Lloyds_1771_1930/Roll_of_Lloyds_1771_1930_0381,2987,4922
us/Roll_of_Lloyds_1771_1930/Roll_of_Lloyds_1771_1930_0382,2921,4922
us/Roll_of_Lloyds_1771_1930/Roll_of_Lloyds_1771_1930_0383,3011,4924
us/Roll_of_Lloyds_1771_1930/Roll_of_Lloyds_1771_1930_0384,2902,4923
us/Roll_of_Lloyds_1771_1930/Roll_of_Lloyds_1771_1930_0385,2982,4942
us/Roll_of_Lloyds_1771_1930/Roll_of_Lloyds_1771_1930_0386,2934,4931
us/Roll_of_Lloyds_1771_1930/Roll_of_Lloyds_1771_1930_0387,2993,4943
us/Roll_of_Lloyds_1771_1930/Roll_of_Lloyds_1771_1930_0388,2922,4930
us/Roll_of_Lloyds_1771_1930/Roll_of_Lloyds_1771_1930_0389,2986,4945
us/Roll_of_Lloyds_1771_1930/Roll_of_Lloyds_1771_1930_0390,2933,4912
us/Roll_of_Lloyds_1771_1930/Roll_of_Lloyds_1771_1930_0391,2992,4933
us/Roll_of_Lloyds_1771_1930/Roll_of_Lloyds_1771_1930_0392,2906,4939
us/Roll_of_Lloyds_1771_1930/Roll_of_Lloyds_1771_1930_0393,2956,4960
us/Roll_of_Lloyds_1771_1930/Roll_of_Lloyds_1771_1930_0394,2941,4922
us/Roll_of_Lloyds_1771_1930/Roll_of_Lloyds_1771_1930_0395,2985,4942
us/Roll_of_Lloyds_1771_1930/Roll_of_Lloyds_1771_1930_0396,2936,4921
us/Roll_of_Lloyds_1771_1930/Roll_of_Lloyds_1771_1930_0397,2988,4933
us/Roll_of_Lloyds_1771_1930/Roll_of_Lloyds_1771_1930_0398,2935,4925
us/Roll_of_Lloyds_1771_1930/Roll_of_Lloyds_1771_1930_0399,2954,4930
us/Roll_of_Lloyds_1771_1930/Roll_of_Lloyds_1771_1930_0400,2934,4931
us/Roll_of_Lloyds_1771_1930/Roll_of_Lloyds_1771_1930_0401,2952,4928
us/Roll_of_Lloyds_1771_1930/Roll_of_Lloyds_1771_1930_0402,2922,4919
us/Roll_of_Lloyds_1771_1930/Roll_of_Lloyds_1771_1930_0403,2924,4936
us/Roll_of_Lloyds_1771_1930/Roll_of_Lloyds_1771_1930_0404,2966,4946
us/Roll_of_Lloyds_1771_1930/Roll_of_Lloyds_1771_1930_0405,2932,4931
us/Roll_of_Lloyds_1771_1930/Roll_of_Lloyds_1771_1930_0406,2964,4919
us/Roll_of_Lloyds_1771_1930/Roll_of_Lloyds_1771_1930_0407,3059,4910
us/Roll_of_Lloyds_1771_1930/Roll_of_Lloyds_1771_1930_0408,2954,4918
us/Roll_of_Lloyds_1771_1930/Roll_of_Lloyds_1771_1930_0409,3023,4924
us/Roll_of_Lloyds_1771_1930/Roll_of_Lloyds_1771_1930_0410,2952,4923
us/Roll_of_Lloyds_1771_1930/Roll_of_Lloyds_1771_1930_0411,3024,4929
us/Roll_of_Lloyds_1771_1930/Roll_of_Lloyds_1771_1930_0412,2951,4925
us/Roll_of_Lloyds_1771_1930/Roll_of_Lloyds_1771_1930_0413,3022,4929
us/Roll_of_Lloyds_1771_1930/Roll_of_Lloyds_1771_1930_0414,2988,4919
us/Roll_of_Lloyds_1771_1930/Roll_of_Lloyds_1771_1930_0415,3054,4927
us/Roll_of_Lloyds_1771_1930/Roll_of_Lloyds_1771_1930_0416,2994,4920
us/Roll_of_Lloyds_1771_1930/Roll_of_Lloyds_1771_1930_0417,3056,4930
us/Roll_of_Lloyds_1771_1930/Roll_of_Lloyds_1771_1930_0418,2992,4918
us/Roll_of_Lloyds_1771_1930/Roll_of_Lloyds_1771_1930_0419,3046,4916
us/Roll_of_Lloyds_1771_1930/Roll_of_Lloyds_1771_1930_0420,2964,4938
us/Roll_of_Lloyds_1771_1930/Roll_of_Lloyds_1771_1930_0421,3007,4929
us/Roll_of_Lloyds_1771_1930/Roll_of_Lloyds_1771_1930_0422,2993,4921
us/Roll_of_Lloyds_1771_1930/Roll_of_Lloyds_1771_1930_0423,3030,4926
us/Roll_of_Lloyds_1771_1930/Roll_of_Lloyds_1771_1930_0424,2977,4931
us/Roll_of_Lloyds_1771_1930/Roll_of_Lloyds_1771_1930_0425,2997,4922
us/Roll_of_Lloyds_1771_1930/Roll_of_Lloyds_1771_1930_0426,2968,4924
us/Roll_of_Lloyds_1771_1930/Roll_of_Lloyds_1771_1930_0427,3002,4930
us/Roll_of_Lloyds_1771_1930/Roll_of_Lloyds_1771_1930_0428,2975,4935
us/Roll_of_Lloyds_1771_1930/Roll_of_Lloyds_1771_1930_0429,2995,4930
us/Roll_of_Lloyds_1771_1930/Roll_of_Lloyds_1771_1930_0431,2979,4933
us/Roll_of_Lloyds_1771_1930/Roll_of_Lloyds_1771_1930_0432,2988,4926
us/Roll_of_Lloyds_1771_1930/Roll_of_Lloyds_1771_1930_0433,2987,4922
us/Roll_of_Lloyds_1771_1930/Roll_of_Lloyds_1771_1930_0434,3001,4944
us/Roll_of_Lloyds_1771_1930/Roll_of_Lloyds_1771_1930_0435,2979,4935
us/Roll_of_Lloyds_1771_1930/Roll_of_Lloyds_1771_1930_0436,2976,4927
us/Roll_of_Lloyds_1771_1930/Roll_of_Lloyds_1771_1930_0437,2980,4931
us/Roll_of_Lloyds_1771_1930/Roll_of_Lloyds_1771_1930_0438,2970,4925
us/Roll_of_Lloyds_1771_1930/Roll_of_Lloyds_1771_1930_0439,2974,4932
us/Roll_of_Lloyds_1771_1930/Roll_of_Lloyds_1771_1930_0440,2972,4926
us/Roll_of_Lloyds_1771_1930/Roll_of_Lloyds_1771_1930_0441,2988,4935
us/Roll_of_Lloyds_1771_1930/Roll_of_Lloyds_1771_1930_0442,2976,4925
us/Roll_of_Lloyds_1771_1930/Roll_of_Lloyds_1771_1930_0443,3000,4930
us/Roll_of_Lloyds_1771_1930/Roll_of_Lloyds_1771_1930_0444,2968,4926
us/Roll_of_Lloyds_1771_1930/Roll_of_Lloyds_1771_1930_0445,2981,4938
us/Roll_of_Lloyds_1771_1930/Roll_of_Lloyds_1771_1930_0446,2971,4928
us/Roll_of_Lloyds_1771_1930/Roll_of_Lloyds_1771_1930_0447,3001,4933
us/Roll_of_Lloyds_1771_1930/Roll_of_Lloyds_1771_1930_0448,2972,4924
us/Roll_of_Lloyds_1771_1930/Roll_of_Lloyds_1771_1930_0449,2959,4928
us/Roll_of_Lloyds_1771_1930/Roll_of_Lloyds_1771_1930_0450,2993,4913
us/Roll_of_Lloyds_1771_1930/Roll_of_Lloyds_1771_1930_0451,2930,4937
us/Roll_of_Lloyds_1771_1930/Roll_of_Lloyds_1771_1930_0452,3021,4952
us/Roll_of_Lloyds_1771_1930/Roll_of_Lloyds_1771_1930_0453,2933,4931
us/Roll_of_Lloyds_1771_1930/Roll_of_Lloyds_1771_1930_0454,3009,4917
us/Roll_of_Lloyds_1771_1930/Roll_of_Lloyds_1771_1930_0455,2909,4939
us/Roll_of_Lloyds_1771_1930/Roll_of_Lloyds_1771_1930_0456,2996,4925
us/Roll_of_Lloyds_1771_1930/Roll_of_Lloyds_1771_1930_0457,2909,4941
us/Roll_of_Lloyds_1771_1930/Roll_of_Lloyds_1771_1930_0458,2977,4929
us/Roll_of_Lloyds_1771_1930/Roll_of_Lloyds_1771_1930_0459,2917,4946
us/Roll_of_Lloyds_1771_1930/Roll_of_Lloyds_1771_1930_0460,2992,4926
us/Roll_of_Lloyds_1771_1930/Roll_of_Lloyds_1771_1930_0461,2903,4944
us/Roll_of_Lloyds_1771_1930/Roll_of_Lloyds_1771_1930_0462,2995,4935
us/Roll_of_Lloyds_1771_1930/Roll_of_Lloyds_1771_1930_0463,2923,4945
us/Roll_of_Lloyds_1771_1930/Roll_of_Lloyds_1771_1930_0464,2981,4915
us/Roll_of_Lloyds_1771_1930/Roll_of_Lloyds_1771_1930_0465,2926,4934
us/Roll_of_Lloyds_1771_1930/Roll_of_Lloyds_1771_1930_0466,2973,4933
us/Roll_of_Lloyds_1771_1930/Roll_of_Lloyds_1771_1930_0467,2907,4953
us/Roll_of_Lloyds_1771_1930/Roll_of_Lloyds_1771_1930_0468,2987,4922
us/Roll_of_Lloyds_1771_1930/Roll_of_Lloyds_1771_1930_0469,2924,4940
us/Roll_of_Lloyds_1771_1930/Roll_of_Lloyds_1771_1930_0470,2986,4944
us/Roll_of_Lloyds_1771_1930/Roll_of_Lloyds_1771_1930_0471,2934,4953
us/Roll_of_Lloyds_1771_1930/Roll_of_Lloyds_1771_1930_0472,2993,4922
us/Roll_of_Lloyds_1771_1930/Roll_of_Lloyds_1771_1930_0473,2952,4959
us/Roll_of_Lloyds_1771_1930/Roll_of_Lloyds_1771_1930_0474,2960,4932
us/Roll_of_Lloyds_1771_1930/Roll_of_Lloyds_1771_1930_0475,2965,4935
us/Roll_of_Lloyds_1771_1930/Roll_of_Lloyds_1771_1930_0476,2966,4947
us/Roll_of_Lloyds_1771_1930/Roll_of_Lloyds_1771_1930_0477,2944,4939
us/Roll_of_Lloyds_1771_1930/Roll_of_Lloyds_1771_1930_0478,2952,4943
us/Roll_of_Lloyds_1771_1930/Roll_of_Lloyds_1771_1930_0479,2941,4937
us/Roll_of_Lloyds_1771_1930/Roll_of_Lloyds_1771_1930_0480,2951,4935
us/Roll_of_Lloyds_1771_1930/Roll_of_Lloyds_1771_1930_0481,2942,4945
us/Roll_of_Lloyds_1771_1930/Roll_of_Lloyds_1771_1930_0482,2946,4932
us/Roll_of_Lloyds_1771_1930/Roll_of_Lloyds_1771_1930_0483,2981,4945
us/Roll_of_Lloyds_1771_1930/Roll_of_Lloyds_1771_1930_0484,2961,4933
us/Roll_of_Lloyds_1771_1930/Roll_of_Lloyds_1771_1930_0485,2943,4950
us/Roll_of_Lloyds_1771_1930/Roll_of_Lloyds_1771_1930_0486,2951,4941
us/Roll_of_Lloyds_1771_1930/Roll_of_Lloyds_1771_1930_0487,2944,4953
us/Roll_of_Lloyds_1771_1930/Roll_of_Lloyds_1771_1930_0488,2937,4973
us/Roll_of_Lloyds_1771_1930/Roll_of_Lloyds_1771_1930_0489,2947,4951
us/Roll_of_Lloyds_1771_1930/Roll_of_Lloyds_1771_1930_0490,2947,4963
us/Roll_of_Lloyds_1771_1930/Roll_of_Lloyds_1771_1930_0491,2998,4938
us/Roll_of_Lloyds_1771_1930/Roll_of_Lloyds_1771_1930_0492,2991,4927
us/Roll_of_Lloyds_1771_1930/Roll_of_Lloyds_1771_1930_0493,2964,4950
us/Roll_of_Lloyds_1771_1930/Roll_of_Lloyds_1771_1930_0494,2986,4943
us/Roll_of_Lloyds_1771_1930/Roll_of_Lloyds_1771_1930_0495,2987,4943
us/Roll_of_Lloyds_1771_1930/Roll_of_Lloyds_1771_1930_0496,2981,4943
us/Roll_of_Lloyds_1771_1930/Roll_of_Lloyds_1771_1930_0497,2983,4946
us/Roll_of_Lloyds_1771_1930/Roll_of_Lloyds_1771_1930_0498,2983,4945
us/Roll_of_Lloyds_1771_1930/Roll_of_Lloyds_1771_1930_0499,2982,4953
us/Roll_of_Lloyds_1771_1930/Roll_of_Lloyds_1771_1930_0500,2983,4948
us/Roll_of_Lloyds_1771_1930/Roll_of_Lloyds_1771_1930_0501,2995,4949
us/Roll_of_Lloyds_1771_1930/Roll_of_Lloyds_1771_1930_0502,2984,4945
us/Roll_of_Lloyds_1771_1930/Roll_of_Lloyds_1771_1930_0503,2992,4957
us/Roll_of_Lloyds_1771_1930/Roll_of_Lloyds_1771_1930_0504,2974,4944
us/Roll_of_Lloyds_1771_1930/Roll_of_Lloyds_1771_1930_0505,3008,4942
us/Roll_of_Lloyds_1771_1930/Roll_of_Lloyds_1771_1930_0506,2970,4938
us/Roll_of_Lloyds_1771_1930/Roll_of_Lloyds_1771_1930_0507,3011,4944
us/Roll_of_Lloyds_1771_1930/Roll_of_Lloyds_1771_1930_0508,3004,4936
us/Roll_of_Lloyds_1771_1930/Roll_of_Lloyds_1771_1930_0509,2999,4980
us/Roll_of_Lloyds_1771_1930/Roll_of_Lloyds_1771_1930_0510,2986,4943
us/Roll_of_Lloyds_1771_1930/Roll_of_Lloyds_1771_1930_0511,3005,4966
us/Roll_of_Lloyds_1771_1930/Roll_of_Lloyds_1771_1930_0512,2971,4944
us/Roll_of_Lloyds_1771_1930/Roll_of_Lloyds_1771_1930_0513,3036,4943
us/Roll_of_Lloyds_1771_1930/Roll_of_Lloyds_1771_1930_0514,2967,4947
us/Roll_of_Lloyds_1771_1930/Roll_of_Lloyds_1771_1930_0515,3011,4952
us/Roll_of_Lloyds_1771_1930/Roll_of_Lloyds_1771_1930_0516,2974,4940
us/Roll_of_Lloyds_1771_1930/Roll_of_Lloyds_1771_1930_0517,3001,4951
us/Roll_of_Lloyds_1771_1930/Roll_of_Lloyds_1771_1930_0518,2974,4945
us/Roll_of_Lloyds_1771_1930/Roll_of_Lloyds_1771_1930_0519,3039,4960
us/Roll_of_Lloyds_1771_1930/Roll_of_Lloyds_1771_1930_0520,3005,4944
us/Roll_of_Lloyds_1771_1930/Roll_of_Lloyds_1771_1930_0521,3049,4947
us/Roll_of_Lloyds_1771_1930/Roll_of_Lloyds_1771_1930_0522,2970,4945
us/Roll_of_Lloyds_1771_1930/Roll_of_Lloyds_1771_1930_0523,3025,4960
us/Roll_of_Lloyds_1771_1930/Roll_of_Lloyds_1771_1930_0524,2952,4943
us/Roll_of_Lloyds_1771_1930/Roll_of_Lloyds_1771_1930_0525,3001,4978
us/Roll_of_Lloyds_1771_1930/Roll_of_Lloyds_1771_1930_0526,3060,4951
us/Roll_of_Lloyds_1771_1930/Roll_of_Lloyds_1771_1930_0527,3003,4951
us/Roll_of_Lloyds_1771_1930/Roll_of_Lloyds_1771_1930_0528,3042,4946
us/Roll_of_Lloyds_1771_1930/Roll_of_Lloyds_1771_1930_0529,3034,4952
us/Roll_of_Lloyds_1771_1930/Roll_of_Lloyds_1771_1930_0530,3047,4957
us/Roll_of_Lloyds_1771_1930/Roll_of_Lloyds_1771_1930_0531,3013,4951
us/Roll_of_Lloyds_1771_1930/Roll_of_Lloyds_1771_1930_0532,3047,4958
us/Roll_of_Lloyds_1771_1930/Roll_of_Lloyds_1771_1930_0533,3004,4951
us/Roll_of_Lloyds_1771_1930/Roll_of_Lloyds_1771_1930_0534,3039,4949
us/Roll_of_Lloyds_1771_1930/Roll_of_Lloyds_1771_1930_0535,3003,4960
us/Roll_of_Lloyds_1771_1930/Roll_of_Lloyds_1771_1930_0536,3041,4949
us/Roll_of_Lloyds_1771_1930/Roll_of_Lloyds_1771_1930_0537,3002,4949
us/Roll_of_Lloyds_1771_1930/Roll_of_Lloyds_1771_1930_0538,3017,4945
us/Roll_of_Lloyds_1771_1930/Roll_of_Lloyds_1771_1930_0539,2986,4953
us/Roll_of_Lloyds_1771_1930/Roll_of_Lloyds_1771_1930_0540,3030,4946
us/Roll_of_Lloyds_1771_1930/Roll_of_Lloyds_1771_1930_0541,3023,4951
us/Roll_of_Lloyds_1771_1930/Roll_of_Lloyds_1771_1930_0542,3023,4946
us/Roll_of_Lloyds_1771_1930/Roll_of_Lloyds_1771_1930_0543,3000,4959
us/Roll_of_Lloyds_1771_1930/Roll_of_Lloyds_1771_1930_0544,3021,4951
us/Roll_of_Lloyds_1771_1930/Roll_of_Lloyds_1771_1930_0545,2992,4958
us/Roll_of_Lloyds_1771_1930/Roll_of_Lloyds_1771_1930_0546,3025,4949
us/Roll_of_Lloyds_1771_1930/Roll_of_Lloyds_1771_1930_0547,3003,4956
us/Roll_of_Lloyds_1771_1930/Roll_of_Lloyds_1771_1930_0548,3000,4948
us/Roll_of_Lloyds_1771_1930/Roll_of_Lloyds_1771_1930_0549,2992,4983
us/Roll_of_Lloyds_1771_1930/Roll_of_Lloyds_1771_1930_0550,3031,4964
us/Roll_of_Lloyds_1771_1930/Roll_of_Lloyds_1771_1930_0551,3075,4958
us/Roll_of_Lloyds_1771_1930/Roll_of_Lloyds_1771_1930_0552,3038,4961
us/Roll_of_Lloyds_1771_1930/Roll_of_Lloyds_1771_1930_0553,3046,4991
us/Roll_of_Lloyds_1771_1930/Roll_of_Lloyds_1771_1930_0554,3069,4960
us/Roll_of_Lloyds_1771_1930/Roll_of_Lloyds_1771_1930_0555,3104,4964
us/Roll_of_Lloyds_1771_1930/Roll_of_Lloyds_1771_1930_0556,3085,4949
us/Roll_of_Lloyds_1771_1930/Roll_of_Lloyds_1771_1930_0557,3045,4992
us/Roll_of_Lloyds_1771_1930/Roll_of_Lloyds_1771_1930_0558,3046,5003
us/Roll_of_Lloyds_1771_1930/Roll_of_Lloyds_1771_1930_0559,3033,4978
us/Roll_of_Lloyds_1771_1930/Roll_of_Lloyds_1771_1930_0560,3032,4948
us/Roll_of_Lloyds_1771_1930/Roll_of_Lloyds_1771_1930_0561,3061,4968
us/Roll_of_Lloyds_1771_1930/Roll_of_Lloyds_1771_1930_0562,3035,4966
us/Roll_of_Lloyds_1771_1930/Roll_of_Lloyds_1771_1930_0563,3038,4919
us/Roll_of_Lloyds_1771_1930/Roll_of_Lloyds_1771_1930_0564,3013,4934
us/Roll_of_Lloyds_1771_1930/Roll_of_Lloyds_1771_1930_0565,3063,4925
us/Roll_of_Lloyds_1771_1930/Roll_of_Lloyds_1771_1930_0566,2982,4922
us/Roll_of_Lloyds_1771_1930/Roll_of_Lloyds_1771_1930_0567,3007,4918
us/Roll_of_Lloyds_1771_1930/Roll_of_Lloyds_1771_1930_0568,2988,4922
us/Roll_of_Lloyds_1771_1930/Roll_of_Lloyds_1771_1930_0569,3040,4924
us/Roll_of_Lloyds_1771_1930/Roll_of_Lloyds_1771_1930_0570,2993,4936
us/Roll_of_Lloyds_1771_1930/Roll_of_Lloyds_1771_1930_0571,3019,4923
us/Roll_of_Lloyds_1771_1930/Roll_of_Lloyds_1771_1930_0572,2976,4933
us/Roll_of_Lloyds_1771_1930/Roll_of_Lloyds_1771_1930_0573,3042,4920
us/Roll_of_Lloyds_1771_1930/Roll_of_Lloyds_1771_1930_0574,2981,4923
us/Roll_of_Lloyds_1771_1930/Roll_of_Lloyds_1771_1930_0575,3024,4922
us/Roll_of_Lloyds_1771_1930/Roll_of_Lloyds_1771_1930_0576,2984,4924
us/Roll_of_Lloyds_1771_1930/Roll_of_Lloyds_1771_1930_0577,3044,4928
us/Roll_of_Lloyds_1771_1930/Roll_of_Lloyds_1771_1930_0578,2964,4927
us/Roll_of_Lloyds_1771_1930/Roll_of_Lloyds_1771_1930_0579,3042,4923
us/Roll_of_Lloyds_1771_1930/Roll_of_Lloyds_1771_1930_0580,2961,4928
us/Roll_of_Lloyds_1771_1930/Roll_of_Lloyds_1771_1930_0581,3032,4927
us/Roll_of_Lloyds_1771_1930/Roll_of_Lloyds_1771_1930_0582,2963,4935
us/Roll_of_Lloyds_1771_1930/Roll_of_Lloyds_1771_1930_0583,3042,4929
us/Roll_of_Lloyds_1771_1930/Roll_of_Lloyds_1771_1930_0584,2970,4926
us/Roll_of_Lloyds_1771_1930/Roll_of_Lloyds_1771_1930_0585,3045,4920
us/Roll_of_Lloyds_1771_1930/Roll_of_Lloyds_1771_1930_0586,2966,4926
us/Roll_of_Lloyds_1771_1930/Roll_of_Lloyds_1771_1930_0587,3038,4934
us/Roll_of_Lloyds_1771_1930/Roll_of_Lloyds_1771_1930_0588,2976,4923
us/Roll_of_Lloyds_1771_1930/Roll_of_Lloyds_1771_1930_0589,3015,4940
us/Roll_of_Lloyds_1771_1930/Roll_of_Lloyds_1771_1930_0590,3073,4935
us/Roll_of_Lloyds_1771_1930/Roll_of_Lloyds_1771_1930_0591,3034,4929
us/Roll_of_Lloyds_1771_1930/Roll_of_Lloyds_1771_1930_0592,3077,4930
us/Roll_of_Lloyds_1771_1930/Roll_of_Lloyds_1771_1930_0593,3022,4939
us/Roll_of_Lloyds_1771_1930/Roll_of_Lloyds_1771_1930_0594,3049,4921
us/Roll_of_Lloyds_1771_1930/Roll_of_Lloyds_1771_1930_0595,3080,4931
us/Roll_of_Lloyds_1771_1930/Roll_of_Lloyds_1771_1930_0596,3079,4920
us/Roll_of_Lloyds_1771_1930/Roll_of_Lloyds_1771_1930_0597,3082,4931
us/Roll_of_Lloyds_1771_1930/Roll_of_Lloyds_1771_1930_0598,3083,4921
us/Roll_of_Lloyds_1771_1930/Roll_of_Lloyds_1771_1930_0599,3038,4930
us/Roll_of_Lloyds_1771_1930/Roll_of_Lloyds_1771_1930_0600,3087,4921
us/Roll_of_Lloyds_1771_1930/Roll_of_Lloyds_1771_1930_0601,3058,4938
us/Roll_of_Lloyds_1771_1930/Roll_of_Lloyds_1771_1930_0602,3098,4920
us/Roll_of_Lloyds_1771_1930/Roll_of_Lloyds_1771_1930_0603,3052,4925
us/Roll_of_Lloyds_1771_1930/Roll_of_Lloyds_1771_1930_0604,3082,4939
us/Roll_of_Lloyds_1771_1930/Roll_of_Lloyds_1771_1930_0605,3049,4931
us/Roll_of_Lloyds_1771_1930/Roll_of_Lloyds_1771_1930_0606,3080,4919
us/Roll_of_Lloyds_1771_1930/Roll_of_Lloyds_1771_1930_0607,3064,4933
us/Roll_of_Lloyds_1771_1930/Roll_of_Lloyds_1771_1930_0608,3084,4931
us/Roll_of_Lloyds_1771_1930/Roll_of_Lloyds_1771_1930_0609,3052,4935
us/Roll_of_Lloyds_1771_1930/Roll_of_Lloyds_1771_1930_0610,3068,4917
us/Roll_of_Lloyds_1771_1930/Roll_of_Lloyds_1771_1930_0611,3069,4936
us/Roll_of_Lloyds_1771_1930/Roll_of_Lloyds_1771_1930_0612,3052,4929
us/Roll_of_Lloyds_1771_1930/Roll_of_Lloyds_1771_1930_0613,3061,4936
us/Roll_of_Lloyds_1771_1930/Roll_of_Lloyds_1771_1930_0614,3063,4921
us/Roll_of_Lloyds_1771_1930/Roll_of_Lloyds_1771_1930_0615,3163,4970
us/Roll_of_Lloyds_1771_1930/Roll_of_Lloyds_1771_1930_0616,3087,4929
us/Roll_of_Lloyds_1771_1930/Roll_of_Lloyds_1771_1930_0617,3054,4955
us/Roll_of_Lloyds_1771_1930/Roll_of_Lloyds_1771_1930_0618,3055,4920
us/Roll_of_Lloyds_1771_1930/Roll_of_Lloyds_1771_1930_0619,3059,4935
us/Roll_of_Lloyds_1771_1930/Roll_of_Lloyds_1771_1930_0620,3079,4915
us/Roll_of_Lloyds_1771_1930/Roll_of_Lloyds_1771_1930_0621,3072,4937
us/Roll_of_Lloyds_1771_1930/Roll_of_Lloyds_1771_1930_0622,3072,4914
us/Roll_of_Lloyds_1771_1930/Roll_of_Lloyds_1771_1930_0623,3096,4951
us/Roll_of_Lloyds_1771_1930/Roll_of_Lloyds_1771_1930_0624,3063,4924
us/Roll_of_Lloyds_1771_1930/Roll_of_Lloyds_1771_1930_0625,3063,4937
us/Roll_of_Lloyds_1771_1930/Roll_of_Lloyds_1771_1930_0626,3076,4941
us/Roll_of_Lloyds_1771_1930/Roll_of_Lloyds_1771_1930_0627,3058,4931
us/Roll_of_Lloyds_1771_1930/Roll_of_Lloyds_1771_1930_0628,3051,4920
us/Roll_of_Lloyds_1771_1930/Roll_of_Lloyds_1771_1930_0629,3057,4969
us/Roll_of_Lloyds_1771_1930/Roll_of_Lloyds_1771_1930_0630,3045,4924
us/Roll_of_Lloyds_1771_1930/Roll_of_Lloyds_1771_1930_0631,3170,5050
us/Roll_of_Lloyds_1771_1930/Roll_of_Lloyds_1771_1930_0632,3192,5050
us/Roll_of_Lloyds_1771_1930/Roll_of_Lloyds_1771_1930_0633,3247,5076